gender_id,client_gender,pronouns
G562H,Genderqueer,they
G003X,Female,she
G340S,Male,he
G432C,Non-binary,they
G683W,Female,she
G462M,Polygender,they
G556D,Bigender,he
G820K,Non-binary,he
G188Q,Genderqueer,he
G699S,Bigender,they
G634V,Polygender,he
G467J,Polygender,he
G046L,Female,she
G701V,Female,she
G425Q,Non-binary,she
G029R,Non-binary,she
G674H,Genderfluid,he
G226J,Genderfluid,he
G622X,Bigender,he
G251J,Non-binary,she
G856N,Genderfluid,they
G589A,Female,she
G201B,Male,he
G203L,Non-binary,they
G181J,Male,he
G220P,Polygender,he
G161R,Female,she
G277L,Non-binary,she
G286S,Female,she
G009N,Genderqueer,he
G323R,Male,he
G576N,Non-binary,they
G175V,Polygender,he
G146N,Agender,she
G380B,Agender,they
G239A,Agender,she
G394U,Male,he
G691J,Male,he
G661U,Agender,they
G539B,Male,he
G744X,Genderqueer,she
G256C,Female,she
G948P,Genderfluid,they
G190S,Genderfluid,she
G011S,Bigender,she
G441U,Genderqueer,she
G839X,Genderqueer,they
G050K,Polygender,she
G487Q,Female,she
G172S,Non-binary,she
G016Q,Agender,she
G771N,Polygender,he
G792N,Genderfluid,she
G782E,Bigender,he
G600V,Genderqueer,she
G766Q,Agender,she
G225O,Polygender,she
G387L,Polygender,she
G117D,Genderfluid,they
G809D,Genderfluid,she
G809L,Bigender,they
G542B,Non-binary,they
G928X,Polygender,they
G930Y,Genderqueer,they
G080Z,Bigender,they
G660K,Female,she
G386K,Non-binary,she
G110N,Agender,they
G203F,Polygender,they
G987U,Genderqueer,they
G986V,Genderfluid,he
G277A,Female,she
G995C,Genderfluid,they
G541F,Genderfluid,he
G295V,Male,he
G473J,Genderqueer,they
G596V,Agender,she
G182M,Bigender,he
G118W,Female,she
G157N,Genderqueer,he
G147K,Agender,they
G026N,Non-binary,they
G585B,Female,she
G859P,Genderqueer,he
G551Z,Non-binary,they
G943S,Bigender,they
G349V,Female,she
G318T,Agender,they
G514Y,Male,he
G015Q,Bigender,she
G815R,Polygender,they
G976B,Polygender,she
G526E,Bigender,he
G011M,Genderqueer,he
G548S,Bigender,she
G391Q,Agender,he
G972T,Genderfluid,they
G014B,Male,he
G218C,Female,she
G272P,Non-binary,he
